{
  "project_info": {
    "project_number": "1087065368161",
    "project_id": "quizquest1-d768b",
    "storage_bucket": "quizquest1-d768b.firebasestorage.app"
  },
  "client": [
    {
      "client_info": {
        "mobilesdk_app_id": "1:1087065368161:android:5824d1dc0fe069d373ac20",
        "android_client_info": {
          "package_name": "com.example.quizquest"
        }
      },
      "oauth_client": [],
      "api_key": [
        {
          "current_key": "AIzaSyAdhbz-rln0hw7iOUqTNGRXzDPmy9EJvYc"
        }
      ],
      "services": {
        "appinvite_service": {
          "other_platform_oauth_client": []
        }
      }
    }
  ],
  "configuration_version": "1"
}